comment,rating
"Hรng oke chแบฅt vแบฃi ฤแบนp56 Cรขu Tiแบฟng Hรn Giao Tiแบฟp Ngแบฏn - Hฦฐแปng Dแบซn Chแบญm Cho Ngฦฐแปi Mแปi Hแปc
1. Tรดi buแปn ngแปง quรก - ์กธ๋ค์ - jรด lyo yo
2. Tรดi yรชu em - ์ฌ๋ํด์ - sa rang hae yo
3. Tรดi thรญch bแบกn - ์ข์ํด์ - jo a hae yo
4. Tรดi ghรฉt bแบกn - ๋ฏธ์ํด์ - mi wo hae yo
5. Cฤm ghรฉt - ์ฆ์คํด์ - jeung o hae yo
6. Ngฦฐแปกng mแป qua - ์ฌ๋ชจํด์",5
"Jsjsksjsnsbsbsnndndnd
Snsnndmsmdmdmdmkdmdmฤ
Dndndndmdmd
Snsndndnsndnnd
Ok
Sp tแบกm ฤฦฐแปฃc",5
Sแบฃn phแบฉm rแบฅt ok mแปi tแปi chแบฅt vแบฃi hฦกi nรณng vร dแป bแป nhฤn. Giแบทt 1 lแบงn thแบฅy quแบงn bung khรก nhiแปu chแป. Nhฦฐng giรก rแบป nรชn bแป nรy quรก.ฤแบนp rรนi. Dแปch mร shop vแบซn giao hรng rแบฅt nhanh,5
"Mua cแบฃ bแป quแบงn รกo 50 k ฤc chแบฅt vแบฃi ฤแบนp nรณi ko ai tin , chแป cรณ thแป lร shopi",5
"ฤแบฃm bแบฃo chแบฅt thรฌ khแปi phแบฃi bรn luรดn 
Lฦฐแปi chแปฅp แบฃnh nรชn lแบฅy แบฃnh bแปซa kk",5
"รo ฤแบนp, chแบฅt vแบฃi tuy cรณ hฦกi cแปฉng nhฦฐng mร oke la. Nรชn mua anh em แบก.",5
"Dแปch mร giao hรng nhanh. Quแบงn รกo giแปng hรฌnh, vแบฃi hฦกi bรณng vร hฦกi nรณng. Mแบทc trแปi thu se se thรฌ hแปฃp. Mua hรดm khuyแบฟn mแบกi nรชn vแปi giรก ฤรณ mร ฤฦฐแปฃc nhฦฐ vแบญy lร quรก tuyแปt rแปi. Sแบฝ แปงng hแป shop tiแบฟp.",5
"Sp khรก ok, chแบฅt vแบฃi thรด hฦกi cแปฉng chรบt, cรบc รกo  vร dรขy rรบt quแบงn ko giแปng แบฃnh  nhฦฐng vแปi giรก sale thรฌ ok",5
"ฤแบนp lแบฏm nha. Bแป mรu xanh thรฌ cแปฉng hฦกn n mร ฤแปฉng dรกng hฦกn, bแป mรu ฤen thรฌ vแบฃi mแปm mรกt hฦกn. Ncl giรก rแบป mร ฦฐng bแปฅngggg. Giao hรng ฤแบงy ฤแปง ๐ฅฐ๐ฅฐ๐ฅฐ๐ฅฐ ngรn tymโค",5
Sแบฃn phแบฉm ok chแบฅt lฦฐแปฃng dรนng khรก thรญch rแบฅt ok rแบฅt แปn ฤรกng tiแปn...,5
"ฤแบทt shop bแป mรu xanh rรชu nhฦฐng rแปt cuแปc lแบกi thรnh xanh pastel, nhฦฐng khรดng sao khรก ฦฐng vแปi chแบฅt liแปu vร kiแปu dรกng",5
"Hรng ฤรบng mแบซu, vแบฃi รกo khรก dรy dแบทn, giao nhanh, shop tฦฐ vแบฅn dแป thฦฐฦกng. Hรฌnh แบฃnh mang tรญnh chแบฅt nhแบญn xu โค๏ธโค๏ธโค๏ธ",5
"hรng ฤแบนp y hรฌnh
vแบฃi dรy dแบทn, form dรกng chuแบฉn
shop tฦฐ vแบฅn rแบฅt nhiแปt tรฌnh
thแปi gian giao hรng rแบฅt nhanh",5
Quรก oceeeeeeeeeeeeeeeeeeeeeeeeeeeeeeeeeeeeeeeeeeeeeeeeeeeeeeeeeeeeeeeee bbiiiiiiiiiiiiiiiiiiiiiiiiiiiiiiiiiiiiiiiiiiiiiiiiiiiiiiiiiiiiiiiiiiiiiiiiiiiiiiiiiiiiiiiiiiiiiiiiiiiiiiiiiiiiiiiiiiiiiiiii quรก ฤiiiiiiiiiiiiiiiiiiiiiiiiiiiiiiiiiiiiiiiiiiiiiiiiiiiiiiiiiiiiiiiiiiiiiiiiiiiiiiiiiiiiiiiiiiiiiiiiiii,5
"Hรฌnh แบฃnh vร video chแป mang tรญnh chแบฅt nhแบญn xu
vแปi giรก lรบc sฤn sale thรฌ cลฉng ok
vแบฃi hฦกi cแปฉng
nhฦฐng vแปi giรก ฤรณ cลฉng k ฤรฒi hแปi nhiแปu ฤฦฐแปฃc",5
ฤรบng hรng qao ko giแปng hรฌnh vแบฃi y trang bแป quแปc phรฒng ๐,4
"Quแบงn รกo ฤแบนp แบก, mรฌnh con gรกi, nhฦฐng thแบฅp vร bรฉo, nรชn thรญch mแบฅy ฤแป rแปng rแปng thแบฟ nรy, cฦก mร cแป รกo thแบฅp quรก, phแบฃi ฤแบงu tฦฐ รกo mแบทc trong thoiiiii, nรณi chung cแบฃm ฦกn shop nhiแปu แบก",5
"Sแบฃn phแบฉm tแปt nhฦฐng mรฌnh.hฦกi mแบทc rแปng
Trแปซ mแปt sao vรฌ giao hรng lรขu 
Shdiwiicjehchshwjcjjwcuhshcueudjjsuvehwhfjhwhchdhwbshhwbsbhw",4
"Dรกng ฤแบนp, hฦกi nhiแปu chแป thแปซa, vแบฃi mแบทc sแบฝ nรณng, รญt thแบฅm mแป hรดi, nhฦฐng giรก nรy thรฌ cลฉng ฤฦฐแปฃc rแปi",5
Bร ba bรฉo bรกn bรกnh bรจo bรชn bแป biแปn bแป bร bรฉo bรกn bรบn bรฒ bแบฏn bรนm bum,5
Vbbbbbbbbbbnkdndjdndndjdkdndndndjdndnxjxnxnxnxnxndndnxbbdbฤhhdnd ฤnjdhฤnndndndnf,5
Sแบฃn phแบฉm okeeeeeeee chแบฅt dรy dแบทn cรณ chรบt chแป thแปซa ฤรณng gรณi chแบทt chแบฝ,5
"ฤแป ฤแบนp , rแบฅt lร ฦฐng luรดn nha shop.
Chแบฅt lฦฐแปฃng sแบฃn phแบฉm tuyแปt vแปi 
ฤรณng gรณi sแบฃn phแบฉm rแบฅt ฤแบนp vร chแบฏc chแบฏn 
Shop phแปฅc vแปฅ rแบฅt tแปt 
Rแบฅt ฤรกng tiแปn 
Thแปi gian giao hรng rแบฅt nhanh",5
Cแปฉ tฦฐแปng lร cรณ cแบฃ รกo thun แป trong nแปฏa chแปฉ. Nhฦฐng mร k sao vแปi giรก sale thแบฟ nรy lร ok rแปi. Vรฃi dรy ฤฦฐแปng may cลฉng ฤแบนp. Mua giรบp nรชn k biแบฟt mแบทc lรชn sแบฝ thแบฟ nรo. Nhฦฐng nhรฌn chung khรก lร ok so vแปi giรก tiแปn,5
"Vแบฃi khรก nรณng, phรน hแปฃp vแปi giรก tiแปn",5
"Chแบฅt liแปu vแบฃi hฦกi nรณng, แป viแปn cรบc รกo bแป xฦฐแปc nhiแปu nhฦฐ ฤรฃ hรng tรกi chแบฟ",5
chแบฅt vแบฃi dรy dแบทn mแบทc hฦกi nรณng shop tฦฐ vแบฅn nhiแปt tรฌnh giao hรng nhanh nรณi chug okee mn nรชn mua nha,5
Vรฌ dแปch nรชn ฤแปฃi hรng hฦกi lรขu รกo ฤแบนp quแบงn ฤแบนp nhฦฐng mร mแปng 1 tรญ sแบฝ ok hฦกn ๐ shop cรฒn gแปญi cแบฃ lแปi cแบฃm ฦกn ๐,5
"chแบฅt lฦฐแปฃng sแบฃn phแบฉm ฤฦฐแปฃc, tแบกm แปn. cho shop 5 saooooooooooooo",5
"Vแบฃi ฤแบนp - co dรฃn . Ship mแบฅt 1 thรกng , nhฦฐng trong mรนa dแปch nรชn khรดng vแบฅn ฤแป .
Hรฌnh แบฃnh vร Video chแป mang tรญnh chแบฅt nhแบญn xu .",5
"mแบทc rแบฅt vแปซa ngฦฐแปi .
shop tฦฐ vแบฅn khรก chuแบฉn size .
giao nhanh trong 2 ngแปณ .
 nhรขn viรชn tฦฐ vแบฅn khรก nhiแปt tรฌnh .
nhรขn viรชn giao hรng khรก nhanh cลฉng thรขn thiแปn nแปฏa",5
".................................................. vแบฃi ok, phom ฤแบนp",5
Suaแปฉusoksksmsmsnshubwbhuhwjwjuรดksnsnsksksmdndndnsndnbdndnsjsjsgavvwghuhwhแปฉh,3
hรng vแป khรก lรขu ฤรณng cแบญn thแบญn giao ฤรบng ฤแป vร ฤแปง sแบฃn phแบฉm nhฦฐng chแบฅt vแบฃi khรก nรณng ns chung tiแปn nรo cแปงa lแบฅy nรชn vแบซn ฤรกnh giรก shop 5 sao,5
Shop ship lรขu vแปi giao nhแบงm mรu nhฦฐng vรฌ tรญch cแปฑc hแป trแปฃ ฤแปi trแบฃ vร mรนa dแปch nรชn vแบซn vote 4 sao,4
๐๐๐๐๐๐๐๐๐๐๐๐๐๐๐๐๐๐๐๐๐๐๐๐๐๐๐๐๐ok!๐๐๐๐๐๐๐๐๐๐๐๐๐๐๐๐๐๐,5
"form chuแบฉn, chแบฅt co dรฃn tแปt, mแบทc mรกt, giao hรng nhanh.
Hi vong shop cรณ thรชm nhรฌu mแบซu mแปi
e mua hรng bรชn shop cแปงng lรขu rแปi nรชn yรชn tรขm lแบฏm
bรกn ฤแป chแบฅt lฦฐแปฃng mร lแบกi uy tรญn nแปฏa.
5 sao cho shop..",5
Quแบงn รกo chแบฅt vแบฃi thรด cแปฉng nha giรก rแบป nรณi chug cx giแปng hรฌnh hรng mแบทc ฤแบนp nha,5
Hรng nhiแปu chแป thแปซa hรng lแปi may chแป ngฦฐแปฃc ra ngoรi chแบฅt thรฌ xแบฅu,3
"Bแป quแบงn รกo ฤแบนp nhรฌn thแบฅy lร biแบฟt chแบฅt lฦฐแปฃng rแปi 
Tแปi thแปญ mแปi ฤฦฐแปฃc giao ฤรบng mรu nhanh",5
รhhtxhcbjvucykbvjcyjvuvtdhijbcgcyvjcghcguguguguvjhvjv,5
Msjsnsskndjdnsksnxjsjsnsjsjdnjsdbjekwnejdnsnsndksnsndksnsjdndndndkdnsjnwjjskendkdjfosnsjendkfndkendkdndndndowjwhekncekdbแบฝnlsbekxbsmwndndnnd,5
Sแบฃn phแบฉm ฤแบนp lแบฏm,5
ฤแบนp lแบฏm shop แบก,5
BBsnnxhksvvfkkdhbwvskdbdbnjchdvvnncbvvdjjgvbakjsjvvvbbb,3
รo ฤแบนp nhฦฐng mร cรณ mแบฅy chแป khรขu thiแบฟt kแบฟ bแป hแปng รกo thรฌ cx hฦกi nรณng nhฦฐng vแบซn rแบฅt ok ๐๐๐๐๐๐๐๐๐๐๐๐๐๐๐๐๐๐,5
"Sแบฃn phแบฉm tแปt, rแบฅt ฤแบนp, ฤรณng gรณi cแบฉn thแบญn kฤฉ cรng, chแบฅt vแบฃi cลฉng rแบฅt lร tแปt nha, mรฌnh rแบฅt ฦฐng bแป nรy ๐ฅฐ๐ฅฐ",5
แปธ96dupoyd69d60e07dp7e7pap6s6pd07r0p7r97e0d7yd9yds59yddyyd9y9d,5
"รo ฤแบนp lแบฏm luรดn, chแบฅt rแบฅt ฤแบนp mรฌnh rแบฅt thรญch, mua cho ngฦฐแปi thรขn rแบฅt phรน hแปฃp giรก tiแปn.",5
"Hรng tแปt lแบฏm. Hรฌnh แบฃnh chแป mang tรญnh chแบฅt nhแบญn xu, hรng tแปt, hรng tแปt",5
Hqhsvbdhbxhsjbsbbbbbbbsbnsnnnbbbsnnbxnxjjsjxbbsjxbjsjxbxbnsjnxbsbbxbbbbsbxbnxnxjnsjcjjnsnxbbxjjxbjdjjdjdhxhjsjxh,5
Kkkkkkkkkkkkkkkkkkkkkkkkkkkkkkkkkkkkkkkkkkkkkkkkkkkkkkk,5
"Sแบฃn phแบฉm rแบฅt tแปt , giรก hรng rแบฅt hแปฃp lรฝ , ฤแบนp. Cแปก bแป ok :3 ^=^ show dแป thฦฐฦกng =3",5
"Vแบฃi chแบฅt lฦฐแปฃng, mแบทc  thoรกng mรกt,
 ฤฦฐแปng may tinh tแบฟ, gแปn gรng, chแป khรดng bแป trรณc ra, 
vแบฃi khรดng bแป xรน lรดng hay mแบฅt mรu khi giแบทt ~(""""3"""")~",5
Hรฌnh แบฃnh mang tรญnh chแบฅt minh hแปa ............................,5
"Ludydiy
Ydidofcftdutdidutdixxocyocyxioycoyfofyfodyfodoydoyddocyococ",5
รydyysusuejd,5
"รo chแบฅt lฦฐแปฃng ko ฤc tแปt lแบฏm ..................,.............",3
Video mang tรญnh chแบฅt lแบฅy xu thoiiiiiiiiiiiiiiiiiiiiiiiii,5
S3ed4d44ฤ4rrxrxxe dfcfvgvvfvghnunmumumimimimiimnunu7h6hh6g5cr4f4fg5g66u7u7i8jj88i 88 9o9p00pp0o8k8k7kujujujumunumumumumumuunvftvvrrr5g,5
"Chแบฅt lฦฐแปฃng sแบฃn phแบฉm tuyแปt vแปi, ฤรณng gรณi sแบฃn phแบฉm chแบฏc chแบฏn ฤแบนp",5
"mแบทc lรชn ai cลฉng khen ฤแบนp vแปi chแบฅt, 
bแบกn bรจ cแปฉ hแปi mรฌnh mua แป ฤรขu, 
rแบฅt thรญch mแบซu mรฃ bรชn shop vแปซa trแบป trung vแปซa ฤแบนp.
dแปch vแปฅ khรก tแปt mร giรก lแบกi siรชu rแบป 
rแบฅt phรน hแปฃp mรฌnh khรดng muแปn mua ฤแป quรก mแบฏc vรฌ mแบทc mแปt thแปi gian rแปi cลฉng bแป mua ฤแบฏt quรก phรญ thรฌ nรy lร vแปซa phแบฃi, tแปt..
5 sao",5
รo quแบงn chแบฅt lฦฐแปฃng cลฉng tแบกm so vแปi giรก lร ฤc chแบฅt liแปu khรก nรณng hฦกi mแปng 1 xรญu,5
"dแบกo nรy mรฌnh bแบญn nรชn รญt cรณ thแปi gian ฤi mua ฤแป.
thแบฅy bแบกn bรจ hay mua hรng onl nรชn cแปงng bon chen thแปญ mua.
hi chแบฏc mua xong lแบงn nรy mรฌnh nghiแปn mua hรng onl lun mแบฅt,
vแปซa rแบป vแปซa ฤแบนp vแบญy.ai mร ko thรญch",5
"em mua hแป bแบกn khรณ tรญnh, mร bแบกn e nรณ ฦฐng quรก trแปi lun..
cรฒn nhแป e bแปฏa sau ฤแบทt nhรฌu nhรฌu vรo ฤแป rแบป ฤฦฐแปฃc tiแปn ship nแปฏa..
Mร cรดng nhแบญn bรชn shop giao hรng nhanh thแบญt..hi .. 
bแบกn e nhแป chแบฅm giรบp shop 5 sao..",5
"Ok ok ok ok ok ok ok
Nรชn mua nรชn mua nรชn mua nรชn mua
Hรฌnh mang tรญnh chแบฅt lแบฅy xu",5
"ฤรณng gรณi ฤแบนp vร giao hรng nhanh, mแบทc phแปi ฤแป rแบฅt dแป, chแบฅt vแบฃi cรณ thแป mแบทc mรนa ฤรดng. Shop tฦฐ vแบฅn hแป trแปฃ nhiแปt tรฌnh",5
"รกo ฤแบนp, cao 1m69 mแบทc size M lร ok r โจโจโจโจโจโจโจโจโจโจโจโจโจโจโจโจโจโจโจโจโจโจโจโจ",5
"Hฦกi thแบฅt vแปng chรบt
Vรฌ size L mร phแบงn vai gแบงn nรกch to quรก 
Giแป phแบฃi cแบงm ฤi bรณp lแบกi
แปng quแบงn to hฦกn mรฌnh nghฤฉ nhฦฐng lแบกi thแบฅy ko sao ฤแปก hฦกn phแบงn รกo",5
"quแบงn รกo rแบฅt ฤแบนp, chแบฅt vแบฃi dรy dแบทn ko nรณng, shop tฦฐ vแบฅn rแบฅt nhiแปt tรฌnh. Mรฌnh cao 1m61 nแบทng 45 kg mแบทc size M rแบฅt vแปซa , mรฌnh rแบฅt thรญch nhแปฏng bแป dรi rแปng 1 tรญ nรชn mแบทc size nรy rแบฅt chuแบฉn . Mแปi ngฦฐแปi nรชn mua nha",5
ฤรฃ nhแบญn ฤฦฐแปฃc bแป quแบฉn รกo. Mแบทc lรชn ok. Mแปi nguแป mua ฤฦฐแปฃc nhรฉ nhรฉ nhรฉ,5
"ฤรฃ mua cแปงa shop nhiแปu lแบงn rแปi mร lแบงn nรo cลฉng rแบฅt ฦฐng luรดn 
รo giรก hแปฃp lรญ mร chแบฅt lร ฤแบนp.",5
"แบขnh chแป mang tรญnh chแบฅt lแบฅy xu.
รo cแปงa shop mแบทc rแบฅt tแปt, mรกt, ฤแบนp.
Thankiu shop",5
Rvx rbs va fabdadnfabadndgqbbfahdnadhfanqdbahdandnsvnac ca qvaf cngh,5
yuswonejsizoakqoeoskkฤkdkkdkfkfkfkfknjjjjjjjjjjnnj,5
Sฤn sale rแบป nhฦฐng size hฦกi nhแป bแบกn nam mแบทc hฦกn kรญch chรบt vแบฃi ฤแบนp,5
Giao hรng ฤรบng mแบซu chแบฅt dรy dแบทn cรณ ฤiแปu do dรy nรชn mแบทc hฦกi nรณng . hรng ฤแบนp chแบฅt lฦฐแปฃng ๐๐๐,5
"Sp ฤแบนp, mแบทc lรชn tแปt, chแบฅt hฦกi nรณng nhฦฐng แปn, giao hรng hฦกi chแบญm",5
Size M mร nhฦฐ XL vแบญy chรกn tiแปn nรo cแปงa ฤแบฅy thรดi.....fฤhdjsjsisjjjdhdhsjsjsjsjjsjdhd,3
"Chแบฅt vแบฃi ok phรน hแปฃp vแปi giรก tiแปn, ฤฦฐแปng may tแป mแป, giao hรng nhanh",5
"แบขnh vร video chแป mang tรญnh chแบฅt lแบฅy xu :>
Nhฦฐng ko thแป phแปง nhแบญn combo quแบงn รกo rแบฅt ฤแบนp vร thแปi trang :3 , tuy cรณ hฦกi nรณng 1 chรบt",5
Quแบงn mแบทc dแป rรกch do k cรณ mแปt chรบt co dรฃn :)zzzzzzzzzzzzzzzzzzzz,4
"Hรng ok, khi mua tฦฐแปng cรณ thรชm รกo phรดng trแบฏng แป trong nแปฏa mร khi giao hรng chแป cรณ bแป quแบงn รกo thรดi
Hรng giao nhanh",4
"Mรฌnh thฦฐแปng mแบทc size L mร shop giao vแป bแป mรฌnh cรฒn mแบทc vแปซa , รกo vs quแบงn thรฌ mแปng",1
Cghjdkdkfkfhdjjejffdgskkfkfhshshdjdjfifkbebeufhfjdjฤ,5
"1m77 72kg XL vแบซn hฦกi chแบญt รกo, vแบฃi cแปฉng. nhฦฐng so vs giรก tiแปn thรฌ ok",5
Video mang tรญnh chแบฅt nhแบญn xu. Bแป khรก ฤแบนp. Kbt giao ฤรบng size kh nhฦฐng lรฃo cรดng mรฌnh mแบทc hฦกi rแปng xรญu. Nรชn mua nhรฉ mn,5
"Giรก rแบป, sp ok nhฦฐng hฦกi nรณngโค๏ธโค๏ธโค๏ธโค๏ธโค๏ธโค๏ธโค๏ธโค๏ธโค๏ธโค๏ธโค๏ธโค๏ธโค๏ธโค๏ธ",5
"Cลฉng nhฦฐ mแปi ng ฤรกnh giรก thรฌ chแบฅt nรณng
Nhg lรชn thรฌ  from แปn รกp nha",5
"Quแบงn รกo ฤแบนp, chแบฅt rแบฅt mแปn, cรณ thแป hฦกi nรณng. Kiแปu dรกng ฤแบนp. Sแบฝ แปงng hแป shop thรชm.",5
"ฤแป cลฉng ฤฦฐแปฃc 
......โฆโฆโฆโฆโฆโฆโฆ............................",5
"Chฦฐa xem hรng nhฦฐng chแบฏc lร ฤแบนp giรก thรฌ khรก แปn, lแบงn sau sแบฝ แปงng hแป shop, cho trฦฐแปc 5 ๐ป๐ณ",5
Ttttttttttttttttttttttttttttttttgggggvhhbbjjjbjjnjj,5
Jdjdhdhshshysysyhdhehshhdhxhdhdhdhdhdhysydydydydyd,5
"Giao hรng nhanh , chแบฅt vแบฃi ฤแบนp , cรฒn dฦฐ รญt chแป thแปซa , giรก rแบป , mแปi ngฦฐแปi nรชn mua nha",5
รo y hรฌnh phแบฃi tแปi chแบฅt nรy mแบทc thรฌ hฦกi nรณng giao hรng nhanh...,5
Sแบฃn phแบฉm shop ฤรณng gรณi kฤฉ giao hรng nhanh .chแบฅt mแบทc hฦกi nรณng tรญ nhฦฐng chแบฅt cx ok phแบฟt ๐๐,5
รo nรณng vl ..... hhajahhhhhhhhhhhhhhhhhhhhhhhhhjjjkklllllllllllllllllllllllllllvcfhjgxfhjakakakskskzkkajsjsjsksksksksksjskskskskk,5
Cรตcociyc6ivofo5oyvciobo8h7c6cft5ฤ4fs44รชd45vc7vub9bnm0moinuvcyc6vf7d6fgdf5d5f8g7g9b0n9h7gg6f6,5
Sแบฃn phแบฉm phรน hแปฃp vแปi giรก tiแปn.shop lรm viแปc cรณ trรกch nhiแปm.nรณi chung lร ok,5
"Sแบฃn phแบฉm khรดng hรi lรฒng cho lแบฏm. Mua 69k , tuy rแบป nhฦฐng size L nhรฌn khรดng ฤรบng cho lแบฏm, รกo thรฌ to, dรi, quแบงn thรฌ nhแป, chแบญt. Mแบทc dรด k ra gรฌ hแบฟt. Vแบฃi thรฌ thรด, cแปฉng, mแบทc vรo khรณ chแปu. 
Nhรฌn hรฌnh thรฌ ฤแบนp, mua vแป thแบฅy tแป",5
"1 sแป chแป bแป rรกch
Quแบงn รกo phรน hแปฃp vแปi ae gแปn ngฦฐแปi",4
ฤรฃ nhแบญn ฤฦฐแปฃc hรng,5
Hรng ok. Hรi lรฒng,5
"Rแบฅt ฤแบนp, rแบฅt tuyแปt vแปi. Nhฦฐng khรดng biแบฟt cรณ ฤรบng lร size S ko nแปฏa.",5
Giao hรng size quรก to.giแปng nhฦฐ 3xl,1
"Dแปch nhฦฐng vแบซn giao hรng khรก nhanh tแบงm 3-4 ngรy
Lรชn phรดng khรก ฤแบนp . Tแปt trg tแบงm giรก",5
ฤแบทt xanh mร lแบกi giao ฤen nhฦฐng mรu ฤen cลฉng kha khรก ฤแบนp vแบฃi dรy dแบทn ฤรกng mua,5
๐ฉ รกo hฦกi to nhฦฐng khรก ok,5
Ok แบก,5
Size s pแบฃi ng M mแปi mแบทc vแปซa,2
Hรng hฦกi mแปng nma phรน hแปฃp vแปi giรก tiแปn,5
"ฤแบทt 1 mรu gแปญi 1 mรu,Chแบฅt lฦฐแปฃng hรng quรก quรก quรก kรฉm.hแปi hแบญn khi mua.vแปซa mua ฤรฃ cho lร biแบฟt rแปi",5
Chแบฃ thแบฅy hรng ฤรขu,1
"Sแบฃ mn phแบฉm khรกc mรu , cรบc ฤแปu vแปก ,  chแป thแปซa rแบฅt nhiแปu",3
Tแบกm แปn,5
ฤแบนp,5
Zise M mร ngฦฐแปi zise L cลฉng mแบทt ฤc chแปu shop,3
Khรก แปn so vแปi tแบงm giรก,5
"Biแบฟt lร tiแปn nรo cแปงa ฤรณ nhฦฐng chแบฅt vแบฃi tแป. Hรng khรดng nhฦฐ hรฌnh,cรฒn may lแปi๐",2
ฤรกng vแปi giรก tiแปn,5
"รo ฤแบนp,chแบฅt mรกt,nhฦฐng quแบงn mรกy hฦกi lแปi",5
ฤรกnh giรก chแป mang tรญnh chแบฅt nhแบญn xu,5
ฤแบนp nhฦฐng vรฃi hฦกi thรด,5
Vแบฃi dรy dแบทn duong may ฤแบนp sแบฝ แปงng hแป shol,5
Hรng ฤแบนp .. Mรฌnh mแบทc thรฌ tay รกo hฦกi rแปng vs cรบc ฤแบงu bแป tuแปt chแป .......,4
Nรชn mua,5
Chแบฅt,5
Khรก lร ok,4
"Tai khoan cua quy khach khong du de thuc hien duoc cuoc goi. Soan C gui 9539 de co the ket noi lien lac voi 5 cuoc goi nho (MIEN PHI ngay hom nay). Chi tiet soan HD gui 9539. Sau KM, phi DV 2.000d/5 cuoc goi/ngay. Tran trong.",5
Sแบฃn phแบฉm khรก ok.,5
Sp oke nhรก mn,5
"Hรng chuแบฉn nha quรญ vแป ฦกi. 
Shop cรณ gแปi chแปt mรu vร size nแปฏa. 
Mรฌnh mแบทc rแบฅt vแปซa vร ฤแบนp 
แปฆng hแป shop nhรฉ mn.",5
Mua phรญ tiแปn vรฌ khรดng mแบทc vแปซa .,1
Quแบงn รกo khรดng nhฦฐ mong muแปn mแบทc hฦกi nรณng,3
Cรณ chรบt lแปi vแป keo dรญnh vร ฤแป hฦกi bแปฅi,5
"Mn k nรชn mua 
ฤแปซng thแบฅy rแบป mร ham
Vแบฃi dรขy dรน nhฦฐ (ฤแปu)
Mn xem quแบฃ cรบc รกo vs quแบฃ tรบi quแบงn cแบฃ quแบฃ dรขy quแบงn nแปฏa",1
Quแบงn รกo ฤแบนp phรน hแปฃp vแปi giรก tiแปn.,5
ฤแบทt size l mร vแป mแบทc to hฦกn xxl luรดn ๐๐,3
"Mua 2 bแป 2 mรu lแบกi giao 1 mรu ,รกo vแปซa mแป ra lร rแปt nรบt, vแบฃi cแปฉng  mua lแบงn ฤแบงu mร hฦกi thแบฅt vแปng",4
khuy mรu ฤen chแปฉ hฦฐm fai viแปn trแบฏng giแปng trong hรฌnh nha :v,5
"ngฦฐแปi to chแบฏc mแบทc vแปซa :)) hihi, mรฌnh ngฦฐแปi bรฉ quรก, nhฦฐng vแบซn cho 5sao",5
Sแบฃn phแบฉm ฤแบนp dรy mแบทc hฦกi nรณng,5
"Tรบi quแบงn may liแปn trรชn quแบงn , khรดng cรณ lรณt .
Mแปi ngฦฐแปi nรชn chรบ รฝ size nha khรดng lแบกi thรnh bรกc sฤฉ giแปng mรฌnh ฤแบฅy",4
"Quแบงn ok รกo thรฌ cแป รกo hฦกi to ,khoรกc vแปi รกo phรดng thรฌ okokokokok",4
ฤแป rแบฅt ฤแบนp,5
Rแบฅt ฤแบนp,5
"Vแบฃi dแบงy , nhiแปu chแป thแปซa , ฤฦฐแปng may chแบฏc chแบฏc . Hแปฃp vแปi giรก tiแปn",5
Hรng quรก kรฉm chแบฅt lฦฐแปฃng,1
ฤแป shop quรก ฤแบนp ko muแปn ฤรกnh giรก 5sao cx phแบฃi cho ๐ค,5
Hรng ฤแบนp,5
Sp ok nha ae,5
Giao khรดng ฤรบng size ฤรฃ ฤแบทt,1
Tuyแปt vแปi,5
tแบกm ฤฦฐแปฃc,5
Trรนi ui ฦฐng quรก trแปi ฤแบนp lแบฏm nha m.n nรชn mua thแปญ ฤi awwwwwwwwwwwwwwww,5
ฤแบนp nha shop ๐,5
Quแบงn ฤแบนp hแบฟt sแปฉc tฦฐแปng tฦฐแปฃng. Sแบฝ แปงng hแป shop nhiแปu lแบงn,5
Hรng khรก tแปt nรชn mua,5
ฤc,5
"Chแบฅt lฦฐแปฃng ฤi ฤรดi vแปi giรก,cแปงa rแบป lร cแปงa รดi",5
Vแบฃi nรณng,4
M,1
Tแปt Chแบฅt lฦฐแปฃn,5
"Hรng ฤแบนp,",4
รo vแปซa dฦก tay lรชn rรกch luรดn,3
"Sแบฃn phแบฉm ฤรบng nhฦฐ hรฌnh 
Chแบฅt vแบฃi tแปt",5
Tแปt,5
hรng quแบงn mรกy chแป hฦกi sแบฅu cรกi รกo tแบกm แปn tแบกm chแบฅp nhแบญn,4
Cchji,5
Jฤhdhhdvรชuuehdbdjdjdbdbdhdjdjdjdjdhdhdhdfbfbfbfbfbfbfbfbfbfbfbfbbf,5
"ฤแป y chang hรฌnh vร vแบฃi rแบฅt ฤแบนp 
Hฦกn mong ฤแปฃi โค๏ธ",5
ฤแบนp,5
Ok,5
Bรฌnh luแบญn mang tรญnh chแบฅt lแบฅy xu:))โฆ........................,5
"Mua 2sp thรฌ gแปญi 1sp
 Lรm ฤn ko cรณ trรกch nghiแปm",1
"Sแบฃn phแบฉm ฤแบนp ฤรบng giรก tiแปn,",5
Hรng khรก ok,5
"Hรng ฤแบนp shop nhiแปt tรฌnh 
Cho shop 5 sao luรดn๐",5
Shiper thรกi ฤแป khรดng tแปt vแปi khรกch hรng,1
ฤฦฐแปng may hฦกi xแบฅu nhฦฐng ok vแปi tแบงm giรก nhรก,5
Ok lแบฏm,5
ฤhshsbzhxnshxnsndbdbhxndndjdndjdjdndjxndbdhjdndnbdjdbbdd,5
Good,5
Chแบฅt liแปu cแปฉng.  Mua รกo mรu ฤen cรบc cลฉng mรนa ฤen luรดn. Khรดng giแปng แบฃnh lแบฏm,3
Hรng tฦฐฦกng ฤแปi tแปt,5
ฤแบนpppppp,5
Vแบฃi rแบฅt ฤแบนp phรน hแปฃp giรก tiแปn,5
"Meo mรฉo meo mรจo meo meo meo รกo dรนng tแปt lแบฏm mแปi ngฦฐแปi ฦกi, rแบฅt hแปฃp vs ng gแบงy nha mแปi ngฦฐแปi",5
"Hรng ฤแบนp, chแบฅt lฦฐแปฃng vแบฃi rแบฅt tแปt..๐๐๐... Lแบงn sau sแบฝ แปงng hแป shop tiแบฟp๐ฅฐ๐ฅฐ",5
"hรng gรณi  ฤแบนp, cแบฉn thแบญn, giao nhanh, ฤแป form ฤแบนp lแบฏm, vแบฃi dรy mร mแบทc thoแบฃi mรกi dแป chแปu แบก, em hรi lรฒng lแบฏm, cรกm ฦกn shop, sแบฝ tiแบฟp tแปฅc แปงng hแป แบก..5 sa cho shop",5
"giao hรng nhanh quan trแปng lร nรณ vแปซa rแบป vแปซa chแบฅt, rแบฅt ฤรกng ฤแปng tiแปn mรฃi mแปi tรฌm thแบฅy shop bรกn ฤแป ฦฐng รฝ vร tin cแบญy...5 sao",5
"Shop nรy lแปซa ฤแบฃo mแปi ngฦฐแปi nรฉ ra nhรฉ! Treo ฤแบงu dรช bรกn thแปt chรณ
Giแป ฤรกnh giรก 1 sao nรชn xin hoรn ฤฦกn
Bแป 100k ra ฤแป biแบฟt thรชm mแปt ฤฦกn vแป chuyรชn ฤi lแปซa ฤแบฃo!
Mแปi ngฦฐแปi cแบฉn thแบญn nhรฉ!
Shoppee sao lแบกi nhแบญn 1 ฤฦกn vแป kรฉm chแบฅt lฦฐแปฃng nhฦฐ vแบญy nhแป???
Lแบฑng nhแบฑng",1
ฤแบนp hฦกn mong ฤแปฃi giรก rแบป so vแปi chแบฅt lฦฐแปฃng mแปi ngฦฐแปi yรชn tรขm khi mua hรng ฤแบนp 100%,5
Mแปng nhฦฐ vแบฃi mรn . cแป รกo thรฌ nhฤn nheo . chแบฅt nรณng .,1
Tแปt,5
chแบฅt vรi nhฦฐ l mแปng dรญnh mแบทc ngแปฉa vl giรก thรฌ ฤแบฏt,1
"Giao hรng quรก thแปi hแบกn
รo hฦกi mแปng nhiแปu chแป thแปซa khรขu khรดng chแบฏc chแบฏn",4
"ko cรฒn gรฌ ฤแป chรช 
 shop quรก uy tรญn 
mua 3 bแป 
giao hรng ฤรบng 100% y hรฌnh , ฤรบng mรu ฤรบng size
mแบทc vรด cรนng thoแบฃi mรกi
giรก quรก tแปt 
sแบฝ แปงng hแป shop dรi dรi",5
"Sแบฃn phแบฉm tแปt chแบฅt lฦฐแปฃng thรฌ ok 
Chแบฅt liแปu vแบฃi khรก lร thoรกng",5
"chแบฅt vแบฃi thรฌ cx แปn phรน hแปฃp vs giรก. nhฦฐng mร khรดng hiแปu sao cรกi quแบงn nรณ lแบกi bแป mแปt ฤฦฐแปng chแป khรขu vs 1 mแบฃnh vแบฃi ฤแป lรm tรบi, lรm cho nhรฌn แป ngoรi mแบทc vรo sแบฝ rแบฅt xแบฅu. vs lแบกi mรฌnh mua size L mร mแบทc nhฦฐ xl vแบญy, rแปng hฦกn nhiแปu vs mแบฅy size mรฌnh mแบทc แป nhร",2
"Sแบฃn phแบฉm rแบฅt xinh ฤแบนp tuyแปt vแปi, tรดi khรดng thแป trรดng ฤแปฃi gรฌ hฦกn. Cแบฃm ฦกn nhร cung cแบฅp, nhร sแบฃn xuแบฅt, cแบฃm ฦกn ngฦฐแปi bรกn hรng, cแบฃm ฦกn sรn thฦฐฦกng mแบกi ฤiแปn tแปญ, cแบฃm ฦกn ngฦฐแปi vแบญn chuyแปn ฤแป tรดi cรณ cฦก hแปi dรนng sแบฃn phแบฉm tแปt nhฦฐ thแบฟ nรy.",5
"Hรng nhฦฐ c vรขy ๐ก๐ก๐ก๐ก , khรดng cรณ giแปng hรฌnh",3
Sแบกn phแบญm ฤแบนp cรณ vรi ฤฦฐแปng chแป thแปซa,5
"Thแปฉ 5 ฤแบทt hรng thแปฉ 6 giao , sp rแบฅt vแปซa รฝ mแบทc ฤแบนp may nรฉt vแบฃi xแปn xรฒ giแบทt ko phai, rแบฅt thรญch hรng cแปงa shop nรy chuแบฉn lแบฏm nha , แปงng hแป shop",5
Hรng lแบงn nรy khรดng ฦฐng รฝ lแบฏm,3
Tแบกm,5
Mรu khรดng giแปng mแบซu hฦกi thแบฅt vแปng chรบt xรญu :)),3
Ok chแบฅt ฤรชy,5
"hรng ฤแบนp dรy dแบทn, 
thแปi gia giao hรng nhanh
shop phแปฅc vแปฅ rรกt nhiแปt tรฌnh
hรng ฤep y hรฌnh
sแบฃn phแบฉm chuแบฉn phom luรดn
thank shop nhรฉ
b tฦฐ vแบฅn dแป chแปu
sแบฝ quay lแบกi แปงng hแป tiแบฟp",5
Sแบฃn phแบฉm rแบฅt ฤแบนp,5
Hรng kรฉm chแบฅt lฦฐแปฃng. Cรบc ฤฦกm cรกi cรณ cรกi ko.,2
Tuyet,5
Ok,5
X,5
Khรดng nhฦฐ hรฌnh mแบซu,5
Chแบฅt liแปu vแบฃi cแปฉng,3
Chแบฅt liแปu vแบฃi kรฉm ko nhฦฐ แบฃnh mแบซu,1
รo bแป thแปงng 1 lแป,3
Ok,5
Rแบฅt vui,5
รo rแบฅt ฤแบนp,5
"Ghi tแบงm bแบญy lรชn รกo, cรฒn lแบกi แปn so vแปi giรก",4
"ฤแป ฤแบนp ฤแบนp , chแบฅt mรกt vร rแบป nแปฏa ! Mn nรชn mua ฤแป mแบทc cho mรนa hรจ nรy nhรฉ !!!!!!!!!!!!!!!!!!!!!!!!!",5
"HรNG FORM ฤแบธP, MรNH MแบถC VแปชA Y LUรN.
SHOP CHUแบจN Bแป Vร GIAO HรNG NHANH LแบฎM.
UY TรN Vร CHUYรN NGHIแปP LแบฎM แบ.
TKS SHOp, 5 SAO",5
"Sแบฃn phแบฉm quแบงn khรก tแปt
 รo mแปi sd 2 lแบงn rรกch vai................
123456789012345",5
ฤแบนp vแปi vแบฃi dรy lแบฏm mn,5
"Dแบกo nรy mรฌnh bแบญn nรชn รญt cรณ thแปi gian ฤi mua ฤแป.
Thแบฅy bแบกn bรจ hay mua hรng onl nรชn cแปงng bon chen thแปญ mua.
Hi chแบฏc mua xong lแบงn nรy mรฌnh nghiแปn mua hรng onl lun mแบฅt.
Vแปซa rแบป vแปซa ฤแบนp vแบญy.ai mร ko thรญch.
Sแบฃn phแบฉm rแบฅt ฤแบนp vร bแปn",5
"ฤรฃ nhแบญn ฤฦฐแปฃc hรng Shop gแปญi. Hฦกn cแบฃ mong ฤแปi,vแปซa theo size, chแบฅt quรก ok, giรก thรฌ very good, mแบฅy ฤแปฉa bแบกn nhแป mua thรชm. Thanks Shop !",5
Toits,5
ฤแป ฤแบนp แบก em mua tแบทng bแบกn bแบกn khen quรก chแปซng shipper cลฉng rแบฅt dแป tรญnh แบก em hแบนn lแบกi lแบฅy ฤแป mร khรดng cรณ khรณ chแปu gรฌ cแบฃ,5
"mรฌnh hรi lรฒng tแบฅt cแบฃ tแปซ chแบฅt lฦฐแปฃng ฤแบฟn ฤรณng gรณi.Giao hรng nhanh, giรก rแบป. Sแบฝ tiแบฟp tแปฅc แปงng hแป shop trong ฤแปฃt sau nhรฉ",5
"vแปซa nhแบญn xong lร mแบทc lun..ฤแป rแบฅt ฤแบนp vร hแปฃp รฝ mรฌnh,cรกi quan trแปng lร rแบฅt rแบป nแปฏa..",5
"vแบฅt ฤi quรก nhiแปu qa khi mua trรชn mแบกng ,nhฦฐng ฤรขy lร hรng ฤแบนp nhแบฅt mรฌnh mua ฤc 
giรก rแบป .vแบฃi ฤแบนp ,ฤฦฐแปng may kแปน ,phom ฤแบนp ,shop uy tรญn giao ฤรบng mรu ฤลฉng cแปก ,rแบฅt hรi lรฒng ,sแบฝ แปงng hแป shop nhiแปu",5
"dแบกo nรy mรฌnh bแบญn nรชn รญt cรณ thแปi gian ฤi mua ฤแป.thแบฅy bแบกn bรจ hay mua hรng onl nรชn cแปงng bon chen thแปญ mua..hi chแบฏc mua xong lแบงn nรy mรฌnh nghiแปn mua hรng onl lun mแบฅt,vแปซa rแบป vแปซa ฤแบนp vแบญy.ai mร ko thรญch",5
"ฤรฃ nhแบญn hรng : OK
Hรng : OK
Shipper : OK
Sแบฝ quay lแบกi mua hรng : OK. thanks shop.
thรญch cรกi shop uy tรญn, mua mแบฅy lแบงn rแปi, triแปu likeฤรฃ nhแบญn hรng : OK",5
"ฤรกng ฤแปng tiแปn bรกt gแบกo, mua mแบทc cลฉng ฤแบนp ko nghฤฉ lร giรก lแบกi rแบป thแบฟ, nhรฌn vรo cลฉng ko biแบฟt lร hรng giรก rแบป ฤรขu, cลฉng ฤแบนp lแบฏm, quรก hแปi so vแปi gia tiแปn phแบฃi bแป ra, mรฌnh ฤรฃ ฤแบทt mua thรชm cรกi nแปฏa hy vแปng shop giao ฤรบng hรng vร tiแบฟp tแปฅc lรm mรฌnh hรi lรฒng, nhแบญn ฤฦฐแปฃc sแบฝ ฤรกnh giรก tiแบฟp cho shop cแบฃm ฦกn",5
"cแบฃm ฦกn shop.cแบฃm ฦกn shopee.mรฌnh ฤรฃ nhแบญn ฤฦฐแปฃc ฤแป.mแบทc vแปซa vแบทn. cลฉng khรก ฤแบนp,giรก cแบฃ thแบญt hแปฃp lรฝ.mรฌnh thแบญt hรi lรฒng khi mua ฤฦฐแปฃc sแบฃn phแบฉm nรy.",5
Hรฌnh แบฃnh chแป mang tรญnh chแบฅt minh hoแบก mua hai bแป ฤแบนp giแปng แบฃnh nhฦฐng chแบฅt hฦกi nรณng vแปi giรก tiแปn 210k cแบฃ ship thรฌ nhฦฐ thแบฟ lร ok rแปi แบก,5
Hรng ฤแบนp chแบฅt vรi hฦกi nรณng nhฦฐng ok,5
"ฤแบนp chแบฅt lฦฐแปฃng , y hรฌnh , thoรกng mรกt , siรชu cรณ giรฃn , giรก rแบป , nhiแปt tรฌnh , ok ฤรณ",5
"nhแบญn ฤฦฐแปฃc ฤฦกn hรng quรก thรญch luรดn, mua rแบฅt nhiแปu lแบงn แป bรชn shop nhฦฐng lแบงn nรo cลฉng ฦฐng hแบฟt trฦกn",5
Quแบงn รกo nhฦฐ c แบฅy kiแปm hรng phรกt bแป thรนng rรกc luรดn,1
"mรฌnh ฤรฃ nhรขn ฤฦฐแปฃc ฤฦกn hรng hรดm qua nhฦฐng hรดm nay mแปi mแป ra xem ฤc. nhรขn viรชn giao hรng lแปch sแปฑ dรน mรฌnh bแบญn cรดng viแปc khรดng nhแบญn ฤฦฐแปฃc ngay. hรng hรณa ฤรณng gรณi cแบฉn thแบญn,giao hรng ฤรบng ngรy hแบนn.sแบฃn phแบฉm thรฌ nhรฌn rแบฅt ฤแบนp so vแปi tแบงm giรก.rแบฅt hรi lรฒng",5
"giao hรng nhanh giรก cแบฃ hแปฃp vแปi tรบi tiแปn 
c.ฦกn shop๐๐",5
"rแบฅt hรi lรฒng vแปi sแบฃn phแบฉm,  chแบฅt  rแบฅt ฦฐng...mแบซu nรo cแปงng ฤแบนp hแบฟt
Thแบญt sแปฑ khรดng nghฤฉ vแปi cรกi giรก rแบป nhฦฐ nรy mร mua ฤฦฐแปฃc set tแปt nhฦฐ thแบฟ.Vแบฃi hฦกi trฦกn,mรฌnh cแปฑc kรฌ ฦฐng,vแบฃi nรy khรดng dแป nhฤn sแป thรญch cแปฑc แบฅy =))) chแบฅt vแบฃi tแปt , ฤแบนp,tรกch ra cลฉng cรณ thแป phแปi nhiแปu kiแปu",5
"tuyแปt vแปi, rแบฅt ฦฐng รฝ, nhฦฐng theo mรฌnh nhแปฏng bแบกn nรo muแปn chuแบฉn fom vแปi dรกng ngฦฐแปi nรชn nhแป shop tฦฐ vแบฅn trฦฐแปc khi mua nhรฉ..shop tฦฐ vแบฅn size rแบฅt chuแบฉn lun.",5
"mua hang cua shop 1 lan roi, mac thay thich qua nen dat mua them mot it quan ao nua, rat rat tam dac, hy vong shop tiep tuc lam tot, ban nhieu san pham tot va re cho khach hang nhu minh",5
Hรng ok nha giรก rแบป vแบฃi ฤแบนp nรณi chung shop nรy lรm ฤn dc cho shop 5 sao nแบฟu cรณ sแบฝ แปงng hแป shop vรo lแบงn sauโค๏ธโค๏ธโค๏ธ,5
Dฦฐ chแป quรก nhiแปu,3
"thรญch quรก thรญch quรก giแปng y hรฌnh, ban ฤแบงu mua cลฉng lฤn tรขn ฤรขy sแปฃ cแปงa rแบป lร cแปงa รดi mร รจo ฤแบนp dรฃ man chแบฅt liแปu co giรฃn tแปt,  mแบทc tรดn dรกng",5
"ฤแป cute, trแบป trung
vแบฃi tรดt, mรu ฤแบนp
Giรก tiแปn hแปฃp lรญ
Shop tฦฐ vแบฅn nhiแปt tรฌnh, giao hรng nhanh
mua ฤแป แป shop rแบฅt lร an tรขm..",5
"ฤรฃ mua hรng vร trแบฃi nghiแปm mua แป ฤรขy, sแบฃn phแบฉm ฤแบนp dแป mฤ dแป phแปi ฤแป , giรก cลฉng ฤแบนp luรดn แบก, ngoรi sแบฃn phแบฉm nรy ra mua thรชm cรกi รกo somi form rแปng thแบฅy vแบฃi cลฉng mฦฐแปt mแปn lแบฏm",5
"Shop rแบฅt dแป thฦฐฦกng, ฤรณng gรณi chu ฤรกo ! Chแบฅt lฦฐแปฃng rแบฅt tuyแปt ! Nhรขn viรชn giao hรng tแบญn tรฌnh lแบฏm nha ! Sแปฑ lแปฑa chแปn tuyแปt vแปi !!!!",5
รo ฤแบนp chแบฅt liแปu cแปฉng ฤแบทt size xl mร thแบฅy nรณ to kiแปu xxl tรณm lแบกi cลฉng ฤc,4
"แบขnh ko liรชn quan....
Chแบฅt vแบฃi kaki khรก แปn, nรณi chung phรน hแปฃp vแปi giรก tiแปn $$$",5
Hรng ฤแบนp cรณ ฤiแปu size S mร vแบซn thแบฅy to sแบฝ แปงng hแป tiแบฟp,5
๐๐๐,5
chแบฅt vแบฃi ฤแบนp ฤฦฐแปng kim mลฉi chแป may rแบฅt ฤแบนp nรณi chung quรก rแบป so vแปi mn cรณ cฦก giรฃn nhแบน mแบทc  rแบฅt ok,5
"Giao nhanh, chแบฅt vแบฃi ฤแบนp cแปฑc kรฌ, vแบฃi mรกt. Mรญ bแบกn nรชn mua",5
"very good, rแบป mร xรi cลฉng ฤฦฐแปฃc, tแปt lแบฏm ko nhรฌn ra lร hรng giรก rแบป ฤรขu.
Thiแบฟt kแบฟ ฤแบนp, giao hรng rแบฅt nhanh dแปch vแปฅ tแปt.
 xแปฉng ฤรกng 10 ฤiแปm cho chแบฅt lฦฐแปฃng",5
ฤแป ฤแบนp hแปฃp giรก tiแปn,5
Hฦกi rแปng xรญu nhฦฐng rแบฅt ok,5
Quแบงn รกo tแปt,5
Giao hรng hฦกi lรขu vร dรขy quแบงn khรดng giแปng hรฌnh,4
XL cรฒn hฦกi nhแป lแบฝ ra nรชn ฤแบทt 2XL,5
Sop giao nhanh mแปi ฤแบทt cรณ 2 ngรy ฤรฃ cรณ rแปi hรng tแบกm แปn giรก tiแปn vแปi chแบฅt liแปu vแบญy cลฉng oke rแปi cho sop 5 sao vรฌ tฦฐ vแบฅn nhiแปt tรฌnh,5
......,5
ฤแป ฤแบนp giao hรng nhanh nแปฏa 5 โญโญโญโญโญ,5
Chแบฅt hฦกi nรณng,5
"ฤแบทt mua 3 bแป , 2 bแป oke cรฒn bแป thแปฉ 3 thรฌ cรกi รกo nhฦฐ nรy ฤรขy .
Rรกch , dฦก , mรณc meo khรกc gรฌ giแบป lau khรดng . Lรm ฦกn bรกn hรng cรณ tรขm mแปt tรญ nha nแบฟu muแปn lรm ฤn lรขu dรi .",2
Yywyeyhwhssb,5
Lแบฅy size S mร ฤฦฐa cho size L ai mร mแบทc :((,1
รกo hฦกi nรณng nha,5
Quแบงn รกo ฤแบนp ฤรกng giรก tiแปn โค,5
ฤแบนp lแบฏm cแบฃm ฦกn shop nha,5
"รo cแปก khรก rแปng
Vแบฃi khรดng ฤฦฐแปฃc แปn cho lแบฏm nhฦฐng mร vแบซn ksao
Tiแปn nรo cแปงa nแบฅy",5
Sแป tแปt giรก hแปฃp lรฝ,4
rแบฅt ok,5
"Mแบฅy ฤรกnh giรก trฦฐแปc แบฃo chแบฏc luรดn ๐ข. Khรดng thฦกm ฤรขu cรกc bรกc แบก, form nรณ khรดng ฤแบนp, vแบฃi cแปฉng. Nรณi chung lร tรดi mua vแป vแปฉt sรณ rแปi.",2
"Em nhแบญn hรng ฦฐng lแบฏm shop.
Chแบฅt vแบฃi ฤแบนp, mแปm mแปn.
ฤฦฐแปng may tแป mแป.
Mรu ฤแบนp hฦกn tฦฐแปng tฦฐแปฃng luรดn แบก.
Vแปซa vแปi dรกng em luรดn รฝ.
Sau nรy mua thรชm ฤแป แปงng hแป shop.",5
"รo cรณ vแบป chแบฅt vแบฃi hฦกi nรณng nhฦฐng rแบฅt ฤแบนp nha, shiper nhiแปt tรฌnh nแปฏa, xแปฉng ฤรกng 5 Sao",5
"Bแป nรy vแบฃi ฤแบนp dรy dแบทn, ฤฦฐแปng li bao ฤแบนp",5
Fjdicsjjderrhijfruhsjkrghffhddh,5
"shop giao hรng ฤแบนp vร tแปt lแบฏm , cho shop 5 sao แบก",5
"Bรดฬฃ quรขฬn aฬo quaฬ 6 chรขฬt 
Giaฬ chฤฬc tรขฬm 80k",3
"ฤแบกt 1 sz M vs 1 sz L mad nรณ bแบฑng nhau๐ฅบ๐
Nhฦฐng vแบฃi ฤแบนp",5
"Mรฌnh rแบฅt hรi lรฒng vแป sแบฃn phแบฉm. Giรก tiแปn phรน hแปฃp,  giao ฤรบng mแบซu ฤรบng mรu. ฤรณng gรณi gแปn gรng, giao hรng nhanh chรณng.",5
"ฤรขy lร ฤฦกn hรng mรฌnh ฦฐng nhแบฅt tแปซ trฦฐแปc ฤแบฟn giแป lun..ฤรณng gรณi ฤแบนp, chแบฏc chแบฏn.Quแบงn รกo bรชn trong mแปi vร ฤแบนp nแปฏa....",5
"Mรฌnh rแบฅt ngแบกi ฤแบทt hรng trรชn mแบกng vรฌ sแปฃ chแบฅt lฦฐแปฃng... Bแปฏa trฦฐแปc lรชn sp vรด tรฌnh thแบฅy ฤฦฐแปฃc shop bรกn  mแบซu ฤแบนp mร giรก hแปi quรก nรชn mรฌnh mua thแปญ. Chแปง shop tฦฐ vแบฅn rแบฅt nhiแปt tรฌnh, lแปch sแปฑ. Nay ngta giao hรng ฤแบฟn mรฌnh ktra hรng rแบฅt hรi lรฒng๐!!! Vแบฃi  ฤแบนp, mแบทc rแบฅt mรกt.",5
"chแบฅt mแปm mรกt, co giรฃn tแปt, form dรกng ฤแบนp, giรก cแบฃ phแบฃi chฤng hแปฃp lรฝ, sแบฝ แปงng hแป shop ฤแปฃt sau",5
Khรดng ฤรบng nhฦฐ hรฌnh,1
"Sp vแบฃi dรy dแบทn ฤแบนp , rแบฅt ฤรกng mua . Cรกc bแบกn yรชn tรขm , lรบc ฤแบงu thแบฅy rแบป quรก cลฉng ngแบกi nhฦฐng nhแบญn hรng hรng thแบฅy rแบฅt ฦฐng รฝ โค๏ธ",5
"khรดng noฬi nhiรชฬu.  Vฦฐฬa nhรขฬฃn haฬng xem xong.
ฤฤฬฃt thรชm 2 caฬi nฦฐฬa รดฬ laฬ la...",5
"แปooo ฤแป ฤแบนp quรก shop ฦกi, vแบฃi ฤแบนp, form vแปซa ngฦฐแปi k bแป chแบญt ฤแบนp mร rแบป nแปฏa chแปฉ haizz chแบฏc e chแบฟt vรฌ bแป chรฌm ฤแบฏm trong sแปฑ ฤแบนp nรy mแบฅt ๐คฆโโ๏ธ",5
rแบฅt tแปt mแปi ngฦฐแปi nรชn mua,5
"Chแบฅt dรy dแบทn, mแบทc cลฉng mรกt, giao hรng nhanh, nรณi chung ฦฐng lแบฏm โค๏ธ",5
"Giao hรng nhanh chรณng , chแบฅt lฦฐแปฃng phรน hแปฃp vแปi giรก tiแปn , lแบงn sau sแบฝ tiแบฟp tแปฅc แปงng hแป",5
Hรn rแบฅt OK ฤรกng ฤแปng tiแปn bรกt gแบกo,5
"Shop giao hรng nhanh, ฤรบng mแบซu mรฃ, chแบฅt lฦฐแปฃng khแปi bรn cรฃi luรดn nha, quรก tแปt so vแปi giรก.",5
"Giao hรng ฤรบng thแปi gian , hรng แปn ฤแบนp",5
